{"CraftCount":2,"GainList":[],"ItemList":[[0,[227,131,145,227,131,175,227,131,188,227,131,149,227,131,169,227,131,175,227,131,188],"ResourceImage01.png",1],[1,[233,173,148,229,138,155,232,141,137],"ResourceImage02.png",5],[2,[227,131,169,227,131,131,227,130,173,227,131,188,227,130,173,227,131,142,227,130,179],"ResourceImage04.png",3],[3,[227,131,143,227,131,188,227,131,164,232,141,137],"ResourceImage03.png",1],[4,[229,138,155,232,140,184],"ResourceImage05.png",2],[5,[227,131,144,227,130,173,227,131,144,227,130,173,227,131,143,227,131,188,227,131,150],"BakiBakiHarb.png",1],[6,[227,130,170,227,131,139,227,131,142,227,130,166,227,131,135],"Oninoude.png",1],[7,[227,130,172,227,131,129,227,130,172,227,131,129,227,129,174,229,174,159],"GatiGatinomi.png",1],[8,[231,159,179,232,140,184],"Ishitake.png",2],[9,[227,131,158,227,130,176,227,130,181],"Magusa.png",1],[10,[227,130,162,227,130,175,227,131,158,227,131,142,227,130,171,227,131,179,227,131,160,227,131,170],"Akumanoknmuri.png",1],[11,[227,130,187,227,131,131,227,130,171,232,141,137],"Sekasou.png",1],[12,[227,130,185,227,131,148,227,131,188,227,131,137,227,131,143,227,131,188,227,131,150],"SpeedHarb.png",1],[13,[227,130,177,227,131,179,227,130,179,227,131,179,229,164,167,230,160,185],"Kenkondaikon.png",2],[14,[227,130,166,227,131,179,232,143,150,232,146,178],"Unshoubu.png",1]],"Money":0,"Name":"","NewsPaperNumber":0,"PotionDataFileName":"","PotionList":[[[231,173,139,227,129,174,227,131,157,227,131,188,227,130,183,227,131,167,227,131,179,32,76,118,46,50],0,false,1,500,1.2000000476837158,0.4000000059604645,0.20000000298023224,0.21000000834465027,0.10999999940395355,0.9333333373069763,0.5137255191802979,0.43529412150382996]],"ResourceFileName":"","SellCount":0}
