{"CraftCount":2,"GainList":[4900,7000],"ItemList":[[0,[227,131,145,227,131,175,227,131,188,227,131,149,227,131,169,227,131,175,227,131,188],"ResourceImage01.png",1],[1,[233,173,148,229,138,155,232,141,137],"ResourceImage02.png",4],[2,[227,131,169,227,131,131,227,130,173,227,131,188,227,130,173,227,131,142,227,130,179],"ResourceImage04.png",1],[3,[227,131,143,227,131,188,227,131,164,232,141,137],"ResourceImage03.png",1],[4,[229,138,155,232,140,184],"ResourceImage05.png",1],[5,[227,131,144,227,130,173,227,131,144,227,130,173,227,131,143,227,131,188,227,131,150],"BakiBakiHarb.png",2],[6,[227,130,170,227,131,139,227,131,142,227,130,166,227,131,135],"Oninoude.png",2],[7,[227,130,172,227,131,129,227,130,172,227,131,129,227,129,174,229,174,159],"GatiGatinomi.png",1],[8,[231,159,179,232,140,184],"Ishitake.png",1],[9,[227,131,158,227,130,176,227,130,181],"Magusa.png",1],[10,[227,130,162,227,130,175,227,131,158,227,131,142,227,130,171,227,131,179,227,131,160,227,131,170],"Akumanoknmuri.png",2],[11,[227,130,187,227,131,131,227,130,171,232,141,137],"Sekasou.png",1],[12,[227,130,185,227,131,148,227,131,188,227,131,137,227,131,143,227,131,188,227,131,150],"SpeedHarb.png",2],[13,[227,130,177,227,131,179,227,130,179,227,131,179,229,164,167,230,160,185],"Kenkondaikon.png",1],[14,[227,130,166,227,131,179,232,143,150,232,146,178],"Unshoubu.png",1]],"Money":11900,"Name":"","NewsPaperNumber":2,"PotionDataFileName":"","PotionList":[[[233,173,148,227,129,174,227,131,157,227,131,188,227,130,183,227,131,167,227,131,179,32,76,118,46,51],-858993460,true,4,700,1.9100000858306885,0.9000000357627869,2.0,0.4099999964237213,1.2200000286102295,0.9058823585510254,0.43529412150382996,0.929411768913269],[[233,152,178,227,129,174,227,131,157,227,131,188,227,130,183,227,131,167,227,131,179,32,76,118,46,51],-858993460,true,2,700,0.21000000834465027,2.0400002002716064,0.21000000834465027,0.4400000274181366,1.5600000619888306,0.43529412150382996,0.8549019694328308,0.929411768913269]],"ResourceFileName":"","SellCount":2}
