{"GainList":[6000,9500,10000,13000],"ItemList":[[1,[233,173,148,229,138,155,232,141,137],"ResourceImage02.png",20],[2,[227,131,169,227,131,131,227,130,173,227,131,188,227,130,173,227,131,142,227,130,179],"ResourceImage04.png",14],[4,[229,138,155,232,140,184],"ResourceImage05.png",16],[6,[227,130,170,227,131,139,227,131,142,227,130,166,227,131,135],"Oninoude.png",13],[9,[227,131,158,227,130,176,227,130,181],"Magusa.png",14],[14,[227,130,166,227,131,179,232,143,150,232,146,178],"Unshoubu.png",2],[13,[227,130,177,227,131,179,227,130,179,227,131,179,229,164,167,230,160,185],"Kenkondaikon.png",4],[11,[227,130,187,227,131,131,227,130,171,232,141,137],"Sekasou.png",2],[10,[227,130,162,227,130,175,227,131,158,227,131,142,227,130,171,227,131,179,227,131,160,227,131,170],"Akumanoknmuri.png",3],[7,[227,130,172,227,131,129,227,130,172,227,131,129,227,129,174,229,174,159],"GatiGatinomi.png",2],[3,[227,131,143,227,131,188,227,131,164,232,141,137],"ResourceImage03.png",2],[8,[231,159,179,232,140,184],"Ishitake.png",3],[12,[227,130,185,227,131,148,227,131,188,227,131,137,227,131,143,227,131,188,227,131,150],"SpeedHarb.png",3],[5,[227,131,144,227,130,173,227,131,144,227,130,173,227,131,143,227,131,188,227,131,150],"BakiBakiHarb.png",3],[0,[227,131,145,227,131,175,227,131,188,227,131,149,227,131,169,227,131,175,227,131,188],"ResourceImage01.png",2]],"Money":38500,"Name":"","NewsPaperNumber":0,"PotionDataFileName":"","PotionList":[[[231,173,139,227,129,174,227,131,157,227,131,188,227,130,183,227,131,167,227,131,179,32,76,118,46,50],-858993460,true,1,500,1.4000000953674316,0.4000000059604645,0.7000000476837158,0.3100000023841858,0.5199999809265137,0.9333333373069763,0.5137255191802979,0.43529412150382996],[[233,129,139,227,129,174,227,131,157,227,131,188,227,130,183,227,131,167,227,131,179,32,76,118,46,50],-858993460,true,16,500,0.4000000059604645,0.20000000298023224,0.6000000238418579,0.019999999552965164,1.399999976158142,0.8549019694328308,0.929411768913269,0.43529412150382996],[[231,173,139,227,131,187,233,173,148,227,129,174,227,131,157,227,131,188,227,130,183,227,131,167,227,131,179,32,76,118,46,50],-858993460,true,5,500,1.0,0.4000000059604645,1.2000000476837158,0.20000000298023224,0.6000000238418579,1.0510979890823364,0.5703137516975403,0.5561176538467407],[[231,173,139,227,131,187,233,173,148,227,131,187,233,129,139,227,129,174,227,131,157,227,131,188,227,130,183,227,131,167,227,131,179,32,76,118,46,50],-858993460,true,21,500,1.100000023841858,0.7000000476837158,1.3000000715255737,0.30000001192092896,1.100000023841858,1.0655457973480225,0.586020827293396,0.5634741187095642]],"ResourceFileName":""}
