{"CraftCount":1,"FirstPlay":true,"GainList":[2500],"ItemList":[[0,[227,131,145,227,131,175,227,131,188,227,131,149,227,131,169,227,131,175,227,131,188],"ResourceImage01.png",7],[1,[233,173,148,229,138,155,232,141,137],"ResourceImage02.png",3],[2,[227,131,169,227,131,131,227,130,173,227,131,188,227,130,173,227,131,142,227,130,179],"ResourceImage04.png",2],[3,[227,131,143,227,131,188,227,131,164,232,141,137],"ResourceImage03.png",2],[4,[229,138,155,232,140,184],"ResourceImage05.png",2],[5,[227,131,144,227,130,173,227,131,144,227,130,173,227,131,143,227,131,188,227,131,150],"BakiBakiHarb.png",3],[6,[227,130,170,227,131,139,227,131,142,227,130,166,227,131,135],"Oninoude.png",3],[7,[227,130,172,227,131,129,227,130,172,227,131,129,227,129,174,229,174,159],"GatiGatinomi.png",3],[8,[231,159,179,232,140,184],"Ishitake.png",1],[9,[227,131,158,227,130,176,227,130,181],"Magusa.png",3],[10,[227,130,162,227,130,175,227,131,158,227,131,142,227,130,171,227,131,179,227,131,160,227,131,170],"Akumanoknmuri.png",1],[11,[227,130,187,227,131,131,227,130,171,232,141,137],"Sekasou.png",1],[12,[227,130,185,227,131,148,227,131,188,227,131,137,227,131,143,227,131,188,227,131,150],"SpeedHarb.png",3],[13,[227,130,177,227,131,179,227,130,179,227,131,179,229,164,167,230,160,185],"Kenkondaikon.png",3],[14,[227,130,166,227,131,179,232,143,150,232,146,178],"Unshoubu.png",3]],"Money":2500,"Name":"","NewsPaperNumber":1,"PotionDataFileName":"","PotionList":[[[233,152,178,227,129,174,227,131,157,227,131,188,227,130,183,227,131,167,227,131,179,32,76,118,46,50],0,true,2,500,0.3499999940395355,1.3600000143051147,0.10999999940395355,0.4400000274181366,0.48000001907348633,0.43529412150382996,0.8549019694328308,0.929411768913269]],"ResourceFileName":"","SellCount":1}
