{"ProcessList":[[0,1.100000023841858,1.2000000476837158,0.699999988079071,0.800000011920929,1.2999999523162842],[1,0.699999988079071,1.7000000476837158,1.0,1.100000023841858,1.2000000476837158],[2,1.2999999523162842,0.5,1.399999976158142,1.2000000476837158,0.800000011920929]],"StatusColor":[[0.9333333373069763,0.5137255191802979,0.43529412150382996],[0.7568627595901489,0.929411768913269,0.43529412150382996],[0.43529412150382996,0.929411768913269,0.7098039388656616],[0.43529412150382996,0.5607843399047852,0.929411768913269],[0.9058823585510254,0.43529412150382996,0.929411768913269]],"StatusList":[[0,"Item01","ResourceImage01.png",0.20000000298023224,0.10000000149011612,0.30000001192092896,0.20000000298023224,0.4000000059604645],[1,"Item02","ResourceImage02.png",0.5,0.20000000298023224,0.10000000149011612,0.10000000149011612,0.30000001192092896],[2,"Item02","ResourceImage03.png",0.10000000149011612,0.6000000238418579,0.10000000149011612,0.10000000149011612,0.10000000149011612]]}
