{"":{"BTN_A.png":[{"Position":{"x":0.0010330677032470703,"y":-0.574744701385498},"Scale":1.0}],"Shooting_ResultBackGroundImage.jpg":[{"Position":{"x":-0.010330557823181152,"y":-0.004642486572265625},"Scale":1.0}]}}