{"Command":{"CM_BG.png":[{"Position":{"x":0,"y":0.37777775526046753},"Scale":1.9000000476837158}],"CM_Player.png":[{"Position":{"x":0.5407407283782959,"y":-0.24444448947906494},"Scale":1.0}],"CM_Player_Rev.png":[{"Position":{"x":-0.5259259343147278,"y":-0.24444448947906494},"Scale":1.0}]},"Result_Multi":{"BTN_A.png":[{"Position":{"x":0.7316017150878906,"y":-0.6313725709915161},"Scale":1.0}],"BTN_B.png":[{"Position":{"x":0.7316017150878906,"y":-0.359477162361145},"Scale":1.0}]},"Select_Static":{"BG_fes.png":[{"Position":{"x":0.0,"y":-0.6000000238418579},"Scale":4.0}]}}